<?xml version="1.0" encoding="UTF-8"?>
<metadata xml:lang="pt"><Esri><CreaDate>20160615</CreaDate><CreaTime>00252800</CreaTime><ArcGISFormat>1.0</ArcGISFormat><SyncOnce>TRUE</SyncOnce><DataProperties><lineage><Process ToolSource="c:\program files (x86)\arcgis\desktop10.2\ArcToolbox\Toolboxes\Data Management Tools.tbx\CalculateField" Date="20160614" Time="150349">CalculateField RJ_140616 DESC_NIII ""Aquicultura em corpo d'água continental"" VB #</Process><Process ToolSource="c:\program files (x86)\arcgis\desktop10.2\ArcToolbox\Toolboxes\Data Management Tools.tbx\CalculateField" Date="20160614" Time="150823">CalculateField RJ_140616 DESC_NI "Água" VB #</Process><Process ToolSource="c:\program files (x86)\arcgis\desktop10.2\ArcToolbox\Toolboxes\Data Management Tools.tbx\CalculateField" Date="20160614" Time="151043">CalculateField RJ_140616 DESC_NI "Áreas Antrópicas Agrícolas" VB #</Process><Process ToolSource="c:\program files (x86)\arcgis\desktop10.2\ArcToolbox\Toolboxes\Data Management Tools.tbx\CalculateField" Date="20160614" Time="151456">CalculateField RJ_140616 DESC_NI "Áreas Antrópicas Agrícolas" VB #</Process><Process ToolSource="c:\program files (x86)\arcgis\desktop10.2\ArcToolbox\Toolboxes\Data Management Tools.tbx\CalculateField" Date="20160614" Time="151814">CalculateField RJ_140616 DESC_NI "Áreas Antrópicas Não Agrícolas" VB #</Process><Process ToolSource="c:\program files (x86)\arcgis\desktop10.2\ArcToolbox\Toolboxes\Data Management Tools.tbx\CalculateField" Date="20160614" Time="152510">CalculateField RJ_140616 DESC_NI "Áreas de Vegetação Natural" VB #</Process><Process ToolSource="c:\program files (x86)\arcgis\desktop10.2\ArcToolbox\Toolboxes\Data Management Tools.tbx\CalculateField" Date="20160614" Time="152724">CalculateField RJ_140616 DESC_NI "Outras Áreas" VB #</Process><Process ToolSource="c:\program files (x86)\arcgis\desktop10.2\ArcToolbox\Toolboxes\Data Management Tools.tbx\CalculateField" Date="20160614" Time="153041">CalculateField RJ_140616 DESC_NII "Área Campestre" VB #</Process><Process ToolSource="c:\program files (x86)\arcgis\desktop10.2\ArcToolbox\Toolboxes\Data Management Tools.tbx\CalculateField" Date="20160614" Time="153254">CalculateField RJ_140616 DESC_NII "Área Florestal" VB #</Process><Process ToolSource="c:\program files (x86)\arcgis\desktop10.2\ArcToolbox\Toolboxes\Data Management Tools.tbx\CalculateField" Date="20160614" Time="154132">CalculateField RJ_140616 DESC_NII "Áreas de Mineração" VB #</Process><Process ToolSource="c:\program files (x86)\arcgis\desktop10.2\ArcToolbox\Toolboxes\Data Management Tools.tbx\CalculateField" Date="20160614" Time="154300">CalculateField RJ_140616 DESC_NII "Áreas Descobertas" VB #</Process><Process ToolSource="c:\program files (x86)\arcgis\desktop10.2\ArcToolbox\Toolboxes\Data Management Tools.tbx\CalculateField" Date="20160614" Time="154517">CalculateField RJ_140616 DESC_NII "Áreas Urbanizadas" VB #</Process><Process ToolSource="c:\program files (x86)\arcgis\desktop10.2\ArcToolbox\Toolboxes\Data Management Tools.tbx\CalculateField" Date="20160614" Time="155149">CalculateField RJ_140616 DESC_NI "Áreas Antrópicas Não Agrícolas" VB #</Process><Process ToolSource="c:\program files (x86)\arcgis\desktop10.2\ArcToolbox\Toolboxes\Data Management Tools.tbx\CalculateField" Date="20160614" Time="155931">CalculateField RJ_140616 DESC_NII ""Corpo d'água continental"" VB #</Process><Process ToolSource="c:\program files (x86)\arcgis\desktop10.2\ArcToolbox\Toolboxes\Data Management Tools.tbx\CalculateField" Date="20160614" Time="161154">CalculateField RJ_140616 DESC_N2 [DESC_NII] VB #</Process><Process ToolSource="c:\program files (x86)\arcgis\desktop10.2\ArcToolbox\Toolboxes\Data Management Tools.tbx\CalculateField" Date="20160614" Time="161342">CalculateField RJ_140616 DESC_NII [DESC_N2] VB #</Process><Process ToolSource="c:\program files (x86)\arcgis\desktop10.2\ArcToolbox\Toolboxes\Data Management Tools.tbx\CalculateField" Date="20160614" Time="162132">CalculateField RJ_140616 DESC_N1 [DESC_N1] VB #</Process><Process ToolSource="c:\program files (x86)\arcgis\desktop10.2\ArcToolbox\Toolboxes\Data Management Tools.tbx\CalculateField" Date="20160614" Time="162216">CalculateField RJ_140616 DESC_N1 [DESC_N1] VB #</Process><Process ToolSource="c:\program files (x86)\arcgis\desktop10.2\ArcToolbox\Toolboxes\Data Management Tools.tbx\CalculateField" Date="20160614" Time="162346">CalculateField RJ_140616 DESC_N1 [DESC_NI] VB #</Process><Process ToolSource="c:\program files (x86)\arcgis\desktop10.2\ArcToolbox\Toolboxes\Data Management Tools.tbx\CalculateField" Date="20160614" Time="162535">CalculateField RJ_140616 DESC_NI [DESC_N1] VB #</Process><Process ToolSource="c:\program files (x86)\arcgis\desktop10.2\ArcToolbox\Toolboxes\Data Management Tools.tbx\CalculateField" Date="20160614" Time="162732">CalculateField RJ_140616 DESC_NI "Áreas Antrópicas Não Agrícolas" VB #</Process><Process ToolSource="c:\program files (x86)\arcgis\desktop10.2\ArcToolbox\Toolboxes\Data Management Tools.tbx\CalculateField" Date="20160614" Time="163030">CalculateField RJ_140616 DESC_NII ""Corpo d'água continental"" VB #</Process><Process ToolSource="c:\program files (x86)\arcgis\desktop10.2\ArcToolbox\Toolboxes\Data Management Tools.tbx\CalculateField" Date="20160614" Time="163205">CalculateField RJ_140616 DESC_NII ""Corpo d'água costeiro"" VB #</Process><Process ToolSource="c:\program files (x86)\arcgis\desktop10.2\ArcToolbox\Toolboxes\Data Management Tools.tbx\CalculateField" Date="20160614" Time="165443">CalculateField RJ_140616 DESC_NII "Culturas Temporárias" VB #</Process><Process ToolSource="c:\program files (x86)\arcgis\desktop10.2\ArcToolbox\Toolboxes\Data Management Tools.tbx\CalculateField" Date="20160614" Time="170005">CalculateField RJ_140616 DESC_N3 [DESC_NIII] VB #</Process><Process ToolSource="c:\program files (x86)\arcgis\desktop10.2\ArcToolbox\Toolboxes\Data Management Tools.tbx\CalculateField" Date="20160614" Time="170108">CalculateField RJ_140616 DESC_NIII [DESC_N3] VB #</Process><Process ToolSource="c:\program files (x86)\arcgis\desktop10.2\ArcToolbox\Toolboxes\Data Management Tools.tbx\CalculateField" Date="20160614" Time="170705">CalculateField RJ_140616 DESC_NIII "Bulbos, raízes e tubérculos + Hortícolas e floríferas + graníferas e cerealíferas" VB #</Process><Process ToolSource="c:\program files (x86)\arcgis\desktop10.2\ArcToolbox\Toolboxes\Data Management Tools.tbx\CalculateField" Date="20160614" Time="171014">CalculateField RJ_140616 DESC_NIII "Bulbos, raízes e tubérculos + Unidades de conservação de uso sustentável em área florestal + Graníferas e cerealíferas" VB #</Process><Process ToolSource="c:\program files (x86)\arcgis\desktop10.2\ArcToolbox\Toolboxes\Data Management Tools.tbx\CalculateField" Date="20160614" Time="171217">CalculateField RJ_140616 DESC_NIII "Cana-de-açúcar + Unidades de conservação de proteção integral em área florestal" VB #</Process><Process ToolSource="c:\program files (x86)\arcgis\desktop10.2\ArcToolbox\Toolboxes\Data Management Tools.tbx\CalculateField" Date="20160614" Time="171347">CalculateField RJ_140616 DESC_NIII "Cana-de-açúcar + Unidades de conservação de uso sustentável em área florestal" VB #</Process><Process ToolSource="c:\program files (x86)\arcgis\desktop10.2\ArcToolbox\Toolboxes\Data Management Tools.tbx\CalculateField" Date="20160614" Time="171501">CalculateField RJ_140616 DESC_NIII "Complexo industrial" VB #</Process><Process ToolSource="c:\program files (x86)\arcgis\desktop10.2\ArcToolbox\Toolboxes\Data Management Tools.tbx\CalculateField" Date="20160614" Time="171608">CalculateField RJ_140616 DESC_NIII "Frutíferas permanentes" VB #</Process><Process ToolSource="c:\program files (x86)\arcgis\desktop10.2\ArcToolbox\Toolboxes\Data Management Tools.tbx\CalculateField" Date="20160614" Time="171719">CalculateField RJ_140616 DESC_NIII "Frutíferas permanentes + Unidades de conservação de uso sustentável em área florestal" VB #</Process><Process ToolSource="c:\program files (x86)\arcgis\desktop10.2\ArcToolbox\Toolboxes\Data Management Tools.tbx\CalculateField" Date="20160614" Time="171809">CalculateField RJ_140616 DESC_NIII "Frutíferas temporárias" VB #</Process><Process ToolSource="c:\program files (x86)\arcgis\desktop10.2\ArcToolbox\Toolboxes\Data Management Tools.tbx\CalculateField" Date="20160614" Time="171924">CalculateField RJ_140616 DESC_NIII "Frutíferas temporárias + Bulbos, raízes e tubérculos" VB #</Process><Process ToolSource="c:\program files (x86)\arcgis\desktop10.2\ArcToolbox\Toolboxes\Data Management Tools.tbx\CalculateField" Date="20160614" Time="172115">CalculateField RJ_140616 DESC_NIII "Hortícolas e floríferas" VB #</Process><Process ToolSource="c:\program files (x86)\arcgis\desktop10.2\ArcToolbox\Toolboxes\Data Management Tools.tbx\CalculateField" Date="20160614" Time="172224">CalculateField RJ_140616 DESC_NIII "Hortícolas e floríferas + Graníferas e cerealíferas" VB #</Process><Process ToolSource="c:\program files (x86)\arcgis\desktop10.2\ArcToolbox\Toolboxes\Data Management Tools.tbx\CalculateField" Date="20160614" Time="172335">CalculateField RJ_140616 DESC_NIII "Minerais não metálicos" VB #</Process><Process ToolSource="c:\program files (x86)\arcgis\desktop10.2\ArcToolbox\Toolboxes\Data Management Tools.tbx\CalculateField" Date="20160614" Time="172438">CalculateField RJ_140616 DESC_NIII "Outras áreas protegidas em área florestal" VB #</Process><Process ToolSource="c:\program files (x86)\arcgis\desktop10.2\ArcToolbox\Toolboxes\Data Management Tools.tbx\CalculateField" Date="20160614" Time="172528">CalculateField RJ_140616 DESC_NIII "Outras áreas urbanizadas" VB #</Process><Process ToolSource="c:\program files (x86)\arcgis\desktop10.2\ArcToolbox\Toolboxes\Data Management Tools.tbx\CalculateField" Date="20160614" Time="172637">CalculateField RJ_140616 DESC_NIII "Outras áreas urbanizadas + Pecuária de animais de grande porte + Cultivos temporários diversificados" VB #</Process><Process ToolSource="c:\program files (x86)\arcgis\desktop10.2\ArcToolbox\Toolboxes\Data Management Tools.tbx\CalculateField" Date="20160614" Time="172748">CalculateField RJ_140616 DESC_NIII "Outras áreas urbanizadas + Unidades de conservação de proteção integral em área florestal" VB #</Process><Process ToolSource="c:\program files (x86)\arcgis\desktop10.2\ArcToolbox\Toolboxes\Data Management Tools.tbx\CalculateField" Date="20160614" Time="172909">CalculateField RJ_140616 DESC_NIII "Outras áreas urbanizadas + Unidades de conservação de uso sustentável em área florestal + Pecuária de animais de grande porte" VB #</Process><Process ToolSource="c:\program files (x86)\arcgis\desktop10.2\ArcToolbox\Toolboxes\Data Management Tools.tbx\CalculateField" Date="20160614" Time="173002">CalculateField RJ_140616 DESC_NIII "Outras áreas urbanizadas + Uso não identificado em área florestal" VB #</Process><Process ToolSource="c:\program files (x86)\arcgis\desktop10.2\ArcToolbox\Toolboxes\Data Management Tools.tbx\CalculateField" Date="20160614" Time="173138">CalculateField RJ_140616 DESC_NIII "Pecuária de animais de grande porte em área campestre + Unidades de conservação de uso sustentável em área campestre + Cultivos temporários diversificados" VB #</Process><Process ToolSource="c:\program files (x86)\arcgis\desktop10.2\ArcToolbox\Toolboxes\Data Management Tools.tbx\CalculateField" Date="20160614" Time="173230">CalculateField RJ_140616 DESC_NIII "Pecuária de animais de grande porte + Cultivos temporários diversificados" VB #</Process><Process ToolSource="c:\program files (x86)\arcgis\desktop10.2\ArcToolbox\Toolboxes\Data Management Tools.tbx\CalculateField" Date="20160614" Time="173502">CalculateField RJ_140616 DESC_NIII "Pecuária de animais de grande porte + Unidades de conservação de proteção integral em área florestal + Cultivos temporários diversificados" VB #</Process><Process ToolSource="c:\program files (x86)\arcgis\desktop10.2\ArcToolbox\Toolboxes\Data Management Tools.tbx\CalculateField" Date="20160614" Time="173636">CalculateField RJ_140616 DESC_NIII "Pecuária de animais de grande porte + Unidades de conservação de proteção integral em área florestal + Unidades de conservação de uso sustentável em área florestal" VB #</Process><Process ToolSource="c:\program files (x86)\arcgis\desktop10.2\ArcToolbox\Toolboxes\Data Management Tools.tbx\CalculateField" Date="20160614" Time="173755">CalculateField RJ_140616 DESC_NIII "Pecuária de animais de grande porte + Unidades de conservação de uso sustentável em área florestal + Cultivos temporários diversificados" VB #</Process><Process ToolSource="c:\program files (x86)\arcgis\desktop10.2\ArcToolbox\Toolboxes\Data Management Tools.tbx\CalculateField" Date="20160614" Time="174320">CalculateField RJ_140616 DESC_NIII "Unidade de conservação de uso sustentável em área campestre" VB #</Process><Process ToolSource="c:\program files (x86)\arcgis\desktop10.2\ArcToolbox\Toolboxes\Data Management Tools.tbx\CalculateField" Date="20160614" Time="174439">CalculateField RJ_140616 DESC_NIII "Unidades de conservação de uso sustentável em área florestal" VB #</Process><Process ToolSource="c:\program files (x86)\arcgis\desktop10.2\ArcToolbox\Toolboxes\Data Management Tools.tbx\CalculateField" Date="20160614" Time="174609">CalculateField RJ_140616 DESC_NIII "Unidades de conservação de proteção integral em área campestre" VB #</Process><Process ToolSource="c:\program files (x86)\arcgis\desktop10.2\ArcToolbox\Toolboxes\Data Management Tools.tbx\CalculateField" Date="20160614" Time="174727">CalculateField RJ_140616 DESC_NIII "Unidades de conservação de proteção integral em área florestal" VB #</Process><Process ToolSource="c:\program files (x86)\arcgis\desktop10.2\ArcToolbox\Toolboxes\Data Management Tools.tbx\CalculateField" Date="20160614" Time="174853">CalculateField RJ_140616 DESC_NIII "Unidades de conservação de proteção integral em área florestal + Unidades de conservação de uso sustentável em área florestal" VB #</Process><Process ToolSource="c:\program files (x86)\arcgis\desktop10.2\ArcToolbox\Toolboxes\Data Management Tools.tbx\CalculateField" Date="20160614" Time="175007">CalculateField RJ_140616 DESC_NIII "Unidades de conservacao de protecao integral em corpo dagua costeiro" VB #</Process><Process ToolSource="c:\program files (x86)\arcgis\desktop10.2\ArcToolbox\Toolboxes\Data Management Tools.tbx\CalculateField" Date="20160614" Time="175041">CalculateField RJ_140616 DESC_NIII ""Unidades de conservação de proteção integral em corpo d'água costeiro"" VB #</Process><Process ToolSource="c:\program files (x86)\arcgis\desktop10.2\ArcToolbox\Toolboxes\Data Management Tools.tbx\CalculateField" Date="20160614" Time="175150">CalculateField RJ_140616 DESC_NIII "Unidades de conservação de uso sustentável em corpo d’água continental" VB #</Process><Process ToolSource="c:\program files (x86)\arcgis\desktop10.2\ArcToolbox\Toolboxes\Data Management Tools.tbx\CalculateField" Date="20160614" Time="175315">CalculateField RJ_140616 DESC_NIII ""Uso diversificado em corpo d'água continental"" VB #</Process><Process ToolSource="c:\program files (x86)\arcgis\desktop10.2\ArcToolbox\Toolboxes\Data Management Tools.tbx\CalculateField" Date="20160614" Time="175524">CalculateField RJ_140616 DESC_NIII ""Uso diversificado em corpo d'água costeiro"" VB #</Process><Process ToolSource="c:\program files (x86)\arcgis\desktop10.2\ArcToolbox\Toolboxes\Data Management Tools.tbx\CalculateField" Date="20160614" Time="175629">CalculateField RJ_140616 DESC_NIII "Uso não identificado em área campestre" VB #</Process><Process ToolSource="c:\program files (x86)\arcgis\desktop10.2\ArcToolbox\Toolboxes\Data Management Tools.tbx\CalculateField" Date="20160614" Time="175715">CalculateField RJ_140616 DESC_NIII "Uso não identificado em área descoberta" VB #</Process><Process ToolSource="c:\program files (x86)\arcgis\desktop10.2\ArcToolbox\Toolboxes\Data Management Tools.tbx\CalculateField" Date="20160614" Time="175840">CalculateField RJ_140616 DESC_NIII "Uso não identificado em área florestal" VB #</Process><Process ToolSource="c:\program files (x86)\arcgis\desktop10.4\ArcToolbox\Toolboxes\Data Management Tools.tbx\CalculateField" Date="20160614" Time="235736">CalculateField Rio_de_Janeiro DESC_NIII "Cana-de-açúcar" VB #</Process></lineage></DataProperties><ArcGISstyle>ISO 19139 Metadata Implementation Specification</ArcGISstyle></Esri></metadata>
